feature,importance
EXT_SCORE_MEAN,0.036926425301313875
EXT_SCORE_MAX,0.03338742605332385
EXT_2_3_PRODUCT,0.030183959279120418
EXT_SCORE_MIN,0.026907836655389452
EXT_SOURCE_3,0.024521567268321894
EXT_SOURCE_2,0.024472439481663416
GOODS_TO_CREDIT,0.02216520130903144
AMT_REQ_CREDIT_BUREAU_YEAR,0.01763018327785759
CREDIT_MINUS_GOODS,0.017089241560215036
DAYS_LAST_PHONE_CHANGE,0.016144804204883723
EDUCATION_LEVEL,0.015072418596200773
DAYS_ID_PUBLISH,0.014886583906653527
AMT_GOODS_PRICE,0.014477035740318969
REGION_POPULATION_RELATIVE,0.014314204467148279
OBS_30_CNT_SOCIAL_CIRCLE,0.013847815863854333
AGE_FIRST_JOB,0.01375075039413809
FLAG_PHONE,0.013492355168078318
AGE_YEARS,0.013484878363397805
AMT_CREDIT,0.013386459017518315
DAYS_BIRTH,0.013354570686184087
CREDIT_TO_INCOME_SQ,0.013311228438463083
DAYS_REGISTRATION,0.013170334770305991
OBS_60_CNT_SOCIAL_CIRCLE,0.012838933939103975
EXT_SOURCE_1,0.012730584291365138
EXT_SCORE_RANGE,0.012723597130646146
CREDIT_TO_INCOME,0.01258359156173369
AMT_ANNUITY,0.012570021745812537
PAYMENT_PER_FAMILY,0.012417256817317075
ANNUITY_TO_INCOME,0.012322823381787052
DAYS_EMPLOYED,0.012102941135840302
HOUR_APPR_PROCESS_START,0.011810982172250002
AMT_INCOME_TOTAL,0.011721908894584188
INCOME_PER_FAMILY,0.01134925574175421
NAME_INCOME_TYPE_Working,0.011091482702624613
CODE_GENDER_F,0.010803617941797947
FLAG_OWN_CAR_Y,0.010422867706656541
CODE_GENDER_M,0.010344408559469548
FLAG_OWN_CAR_N,0.009775342172152215
CNT_CHILDREN,0.009574397598756359
CNT_FAM_MEMBERS,0.009311218658134075
REGION_RATING_CLIENT,0.009240271039598392
REGION_RATING_CLIENT_W_CITY,0.008890121227460976
NONLIVINGAREA_MEDI,0.008852666273511613
NONLIVINGAREA_MODE,0.008819355853403698
NONLIVINGAREA_AVG,0.00792477426568127
OWN_CAR_AGE,0.007723381562327519
FLAG_OWN_REALTY_Y,0.007697258221716051
FLAG_OWN_REALTY_N,0.007472665683509993
FLAG_DOCUMENT_3,0.006980459862263849
FLAG_WORK_PHONE,0.006817421723282586
AMT_REQ_CREDIT_BUREAU_QRT,0.006668460977488601
NAME_INCOME_TYPE_Commercial associate,0.006229155766781677
NAME_FAMILY_STATUS_Married,0.005906748193262116
AMT_REQ_CREDIT_BUREAU_MON,0.005628057571189578
YEARS_BEGINEXPLUATATION_AVG,0.00524722278963138
TOTALAREA_MODE,0.00523634627389593
YEARS_BEGINEXPLUATATION_MODE,0.0051684221030210255
REG_CITY_NOT_WORK_CITY,0.005080797714830527
YEARS_BEGINEXPLUATATION_MEDI,0.005049020725791829
WEEKDAY_APPR_PROCESS_START_MONDAY,0.004903383327759405
LIVINGAREA_AVG,0.004900012997749527
LIVINGAREA_MEDI,0.004891501493616216
LIVINGAREA_MODE,0.004832554793970043
WEEKDAY_APPR_PROCESS_START_THURSDAY,0.0047535135983084766
"WALLSMATERIAL_MODE_Stone, brick",0.0047311508469014526
LIVE_CITY_NOT_WORK_CITY,0.004694472760112071
APARTMENTS_MEDI,0.004668549085261217
WALLSMATERIAL_MODE_Panel,0.004610427332619944
APARTMENTS_AVG,0.004564516431873814
APARTMENTS_MODE,0.004489075617771154
WEEKDAY_APPR_PROCESS_START_TUESDAY,0.004467478099943251
WEEKDAY_APPR_PROCESS_START_WEDNESDAY,0.004458674547027369
LANDAREA_MEDI,0.00441882881634831
LANDAREA_MODE,0.004353015767718978
WEEKDAY_APPR_PROCESS_START_FRIDAY,0.004210426834774761
LANDAREA_AVG,0.004192196222574641
ENTRANCES_MEDI,0.004175502321207497
ENTRANCES_AVG,0.004095434579298783
ENTRANCES_MODE,0.004095245027603597
BASEMENTAREA_AVG,0.004057869041142474
BASEMENTAREA_MODE,0.004054495193877174
OCCUPATION_TYPE_Laborers,0.0039868539921689905
BASEMENTAREA_MEDI,0.003955359465942641
DEF_30_CNT_SOCIAL_CIRCLE,0.003788643670083305
FLOORSMAX_AVG,0.003740998345030706
ORGANIZATION_TYPE_Business Entity Type 3,0.003730984377795567
FLOORSMAX_MEDI,0.003520867680903959
NAME_TYPE_SUITE_Unaccompanied,0.0034336689984010758
NAME_TYPE_SUITE_Family,0.003346555787844222
FLOORSMAX_MODE,0.0033195959542823127
YEARS_BUILD_AVG,0.0032560981757570914
NAME_FAMILY_STATUS_Single / not married,0.003247080386943202
YEARS_BUILD_MEDI,0.0032350564232952305
YEARS_BUILD_MODE,0.0032315437763664723
COMMONAREA_MEDI,0.0032294074570124558
COMMONAREA_MODE,0.003209655510512636
COMMONAREA_AVG,0.003203399281633615
WEEKDAY_APPR_PROCESS_START_SATURDAY,0.0030833264728662565
LIVINGAPARTMENTS_AVG,0.0030778600959337856
LIVINGAPARTMENTS_MEDI,0.0030706068860464884
LIVINGAPARTMENTS_MODE,0.0030433258333904564
ORGANIZATION_TYPE_Self-employed,0.0028620527006527775
DEF_60_CNT_SOCIAL_CIRCLE,0.00260330862760301
NAME_FAMILY_STATUS_Civil marriage,0.0025090490910803045
OCCUPATION_TYPE_Sales staff,0.0022029760155692613
FLOORSMIN_AVG,0.00219374851471535
FLOORSMIN_MODE,0.002173432404035907
FLOORSMIN_MEDI,0.00216210585601954
REG_CITY_NOT_LIVE_CITY,0.002156831787194712
FLAG_DOCUMENT_8,0.0018902067581986347
ELEVATORS_AVG,0.001867698818253796
NAME_HOUSING_TYPE_House / apartment,0.0017935070251559162
NONLIVINGAPARTMENTS_MEDI,0.001774805475507743
NONLIVINGAPARTMENTS_AVG,0.001722513177365055
ELEVATORS_MEDI,0.0016856074333284864
ELEVATORS_MODE,0.0016286543835193883
NAME_CONTRACT_TYPE_Cash loans,0.0016191661071314383
OCCUPATION_TYPE_Core staff,0.001607750408417525
NAME_INCOME_TYPE_State servant,0.001607448557990784
NONLIVINGAPARTMENTS_MODE,0.0015914474311790733
NAME_FAMILY_STATUS_Separated,0.0014756995358234
OCCUPATION_TYPE_Drivers,0.0014559704870805079
NAME_CONTRACT_TYPE_Revolving loans,0.0014277274915761526
FLAG_EMAIL,0.0014271756799308965
WEEKDAY_APPR_PROCESS_START_SUNDAY,0.0012796921101704433
OCCUPATION_TYPE_Managers,0.0012349612005608916
ORGANIZATION_TYPE_Other,0.0011202079975009946
NAME_HOUSING_TYPE_With parents,0.0010732078605565616
FLAG_DOCUMENT_6,0.0010276085279123377
FLAG_EMP_PHONE,0.0010061968512386772
REG_REGION_NOT_WORK_REGION,0.000939884307688056
IS_PENSIONER,0.0009234173021639019
NAME_FAMILY_STATUS_Widow,0.0008875364552814086
ORGANIZATION_TYPE_XNA,0.0008598770243544559
"NAME_TYPE_SUITE_Spouse, partner",0.0008317546131258254
NAME_INCOME_TYPE_Pensioner,0.0008063608647856142
AMT_REQ_CREDIT_BUREAU_WEEK,0.0008035236461263796
IS_UNEMPLOYED,0.0008008805860631814
ORGANIZATION_TYPE_Business Entity Type 2,0.0007822591433533893
NAME_HOUSING_TYPE_Municipal apartment,0.000777275406796914
OCCUPATION_TYPE_High skill tech staff,0.0007676211013086746
LIVE_REGION_NOT_WORK_REGION,0.0007661870870001479
ORGANIZATION_TYPE_Government,0.0007342633542462638
FONDKAPREMONT_MODE_reg oper account,0.0007093358549873095
ORGANIZATION_TYPE_Medicine,0.0006893115442340197
ORGANIZATION_TYPE_Construction,0.0006700705316829873
ORGANIZATION_TYPE_Trade: type 7,0.0006627165770282143
OCCUPATION_TYPE_Security staff,0.0006496803938328507
ORGANIZATION_TYPE_School,0.0005851583120267389
OCCUPATION_TYPE_Accountants,0.0005795461747116747
OCCUPATION_TYPE_Cooking staff,0.0005508361902997461
NAME_HOUSING_TYPE_Rented apartment,0.0005459925814565717
OCCUPATION_TYPE_Medicine staff,0.0005389608679901926
ORGANIZATION_TYPE_Kindergarten,0.0004929223561742613
ORGANIZATION_TYPE_Transport: type 4,0.00048206792059783096
ORGANIZATION_TYPE_Business Entity Type 1,0.00046915753204407876
FONDKAPREMONT_MODE_reg oper spec account,0.0004685601061331366
WALLSMATERIAL_MODE_Block,0.0004500821369229418
OCCUPATION_TYPE_Cleaning staff,0.00042114378493341846
ORGANIZATION_TYPE_Industry: type 3,0.0003894135139705887
FLAG_DOCUMENT_5,0.0003699278892730154
REG_REGION_NOT_LIVE_REGION,0.0003589708416470085
ORGANIZATION_TYPE_Security,0.0003368532950332474
ORGANIZATION_TYPE_Trade: type 3,0.00032677889244743524
OCCUPATION_TYPE_Low-skill Laborers,0.0003259177537240941
ORGANIZATION_TYPE_Agriculture,0.00031302009875962874
NAME_TYPE_SUITE_Children,0.00030529630662615197
ORGANIZATION_TYPE_Industry: type 11,0.00026710589094033313
ORGANIZATION_TYPE_Industry: type 9,0.00025725231917769737
ORGANIZATION_TYPE_Housing,0.0002547047747672928
ORGANIZATION_TYPE_Postal,0.0002523262337932004
FONDKAPREMONT_MODE_not specified,0.00024377271458918796
FONDKAPREMONT_MODE_org spec account,0.00023952722199168582
WALLSMATERIAL_MODE_Wooden,0.00023576365621590312
ORGANIZATION_TYPE_Restaurant,0.00022682927667681178
OCCUPATION_TYPE_Private service staff,0.00022365789523322616
ORGANIZATION_TYPE_Transport: type 3,0.00022109139980736078
NAME_HOUSING_TYPE_Office apartment,0.00021688611150235906
ORGANIZATION_TYPE_Transport: type 2,0.00021273907674329196
FLAG_DOCUMENT_16,0.00018627598215676452
NAME_TYPE_SUITE_Other_B,0.00018536502139438528
ORGANIZATION_TYPE_Military,0.00018504337558073646
AMT_REQ_CREDIT_BUREAU_DAY,0.00017496394288813057
OCCUPATION_TYPE_Waiters/barmen staff,0.00017025770751471315
FLAG_DOCUMENT_18,0.00016426614638329713
HOUSETYPE_MODE_block of flats,0.0001621727013848432
ORGANIZATION_TYPE_Police,0.00015372696514523744
EMERGENCYSTATE_MODE_No,0.000144655519669744
EMERGENCYSTATE_MODE_Yes,0.000142836819247909
ORGANIZATION_TYPE_Industry: type 1,0.0001393957317072983
AMT_REQ_CREDIT_BUREAU_HOUR,0.00013922399890418284
ORGANIZATION_TYPE_Bank,0.00013505633090593857
ORGANIZATION_TYPE_Security Ministries,0.00013091848449836522
WALLSMATERIAL_MODE_Mixed,0.00013065872798109538
NAME_HOUSING_TYPE_Co-op apartment,0.00013030018988743945
ORGANIZATION_TYPE_Services,0.00012887179383541913
ORGANIZATION_TYPE_Trade: type 2,0.00012829409989719597
ORGANIZATION_TYPE_Industry: type 4,0.00012314851279299186
ORGANIZATION_TYPE_Industry: type 7,0.00012294144556159752
OCCUPATION_TYPE_Secretaries,0.00012141998258858172
HOUSETYPE_MODE_specific housing,0.00010399868669646755
WALLSMATERIAL_MODE_Others,0.00010284715806583492
ORGANIZATION_TYPE_University,9.636245192552907e-05
ORGANIZATION_TYPE_Hotel,9.363037354150538e-05
NAME_TYPE_SUITE_Other_A,8.743628380304066e-05
ORGANIZATION_TYPE_Telecom,8.402820510159047e-05
FLAG_DOCUMENT_11,8.196448258114318e-05
FLAG_DOCUMENT_9,8.00074678016911e-05
HOUSETYPE_MODE_terraced house,7.224672072866516e-05
ORGANIZATION_TYPE_Electricity,6.875383694186921e-05
OCCUPATION_TYPE_Realty agents,6.675834163188478e-05
ORGANIZATION_TYPE_Realtor,6.674741560701226e-05
WALLSMATERIAL_MODE_Monolithic,6.310662401858212e-05
ORGANIZATION_TYPE_Industry: type 2,6.0940407384528885e-05
ORGANIZATION_TYPE_Insurance,5.81920515833039e-05
ORGANIZATION_TYPE_Emergency,5.4213353087876e-05
ORGANIZATION_TYPE_Industry: type 5,5.344889204505163e-05
FLAG_CONT_MOBILE,5.32288364030606e-05
FLAG_DOCUMENT_14,5.059448392829866e-05
ORGANIZATION_TYPE_Advertising,5.004838209500146e-05
ORGANIZATION_TYPE_Culture,4.8345767703121335e-05
ORGANIZATION_TYPE_Trade: type 1,4.750846504738422e-05
ORGANIZATION_TYPE_Legal Services,4.651598433201673e-05
ORGANIZATION_TYPE_Trade: type 6,4.523111584948597e-05
OCCUPATION_TYPE_HR staff,4.0736867362173266e-05
FLAG_DOCUMENT_13,3.9526055979260616e-05
OCCUPATION_TYPE_IT staff,3.449322351284257e-05
ORGANIZATION_TYPE_Mobile,3.431838035770741e-05
ORGANIZATION_TYPE_Cleaning,3.4143593109156537e-05
NAME_TYPE_SUITE_Group of people,3.329964465850624e-05
ORGANIZATION_TYPE_Industry: type 12,2.9700035076051117e-05
NAME_INCOME_TYPE_Unemployed,2.4277690521251556e-05
ORGANIZATION_TYPE_Transport: type 1,1.8354509665448124e-05
FLAG_DOCUMENT_2,1.6209067421636725e-05
FLAG_DOCUMENT_19,1.5779447664821393e-05
FLAG_DOCUMENT_20,1.4900469898912727e-05
FLAG_DOCUMENT_21,1.4717911302711142e-05
FLAG_DOCUMENT_15,1.4097756139192117e-05
ORGANIZATION_TYPE_Industry: type 6,1.0904805670800368e-05
ORGANIZATION_TYPE_Industry: type 10,1.0610567788125034e-05
FLAG_DOCUMENT_7,1.0188150037383682e-05
ORGANIZATION_TYPE_Religion,8.749514074893659e-06
ORGANIZATION_TYPE_Industry: type 13,6.697596014721974e-06
ORGANIZATION_TYPE_Trade: type 4,4.5517501265988946e-06
FLAG_DOCUMENT_17,2.4208818712754326e-06
ORGANIZATION_TYPE_Trade: type 5,2.048263635695616e-06
ORGANIZATION_TYPE_Industry: type 8,1.631653329349729e-06
NAME_INCOME_TYPE_Student,1.2015064393417446e-06
FLAG_DOCUMENT_4,5.358663566236858e-07
NAME_INCOME_TYPE_Businessman,1.2739665285105166e-07
NAME_FAMILY_STATUS_Unknown,4.017078916199401e-08
FLAG_DOCUMENT_10,3.762768742978453e-08
FLAG_MOBIL,0.0
EMPLOYMENT_YEARS,0.0
FLAG_DOCUMENT_12,0.0
CODE_GENDER_XNA,0.0
NAME_INCOME_TYPE_Maternity leave,0.0
